CREATE DATABASE  IF NOT EXISTS `hackathon_db` /*!40100 DEFAULT CHARACTER SET utf8mb3 */ /*!80016 DEFAULT ENCRYPTION='N' */;
USE `hackathon_db`;
-- MySQL dump 10.13  Distrib 8.0.28, for Win64 (x86_64)
--
-- Host: localhost    Database: hackathon_db
-- ------------------------------------------------------
-- Server version	8.0.30

/*!40101 SET @OLD_CHARACTER_SET_CLIENT=@@CHARACTER_SET_CLIENT */;
/*!40101 SET @OLD_CHARACTER_SET_RESULTS=@@CHARACTER_SET_RESULTS */;
/*!40101 SET @OLD_COLLATION_CONNECTION=@@COLLATION_CONNECTION */;
/*!50503 SET NAMES utf8 */;
/*!40103 SET @OLD_TIME_ZONE=@@TIME_ZONE */;
/*!40103 SET TIME_ZONE='+00:00' */;
/*!40014 SET @OLD_UNIQUE_CHECKS=@@UNIQUE_CHECKS, UNIQUE_CHECKS=0 */;
/*!40014 SET @OLD_FOREIGN_KEY_CHECKS=@@FOREIGN_KEY_CHECKS, FOREIGN_KEY_CHECKS=0 */;
/*!40101 SET @OLD_SQL_MODE=@@SQL_MODE, SQL_MODE='NO_AUTO_VALUE_ON_ZERO' */;
/*!40111 SET @OLD_SQL_NOTES=@@SQL_NOTES, SQL_NOTES=0 */;

--
-- Table structure for table `Invoice`
--

DROP TABLE IF EXISTS `Invoice`;
/*!40101 SET @saved_cs_client     = @@character_set_client */;
/*!50503 SET character_set_client = utf8mb4 */;
CREATE TABLE `Invoice` (
  `uuid` varchar(45) NOT NULL,
  `rfcProvider` varchar(45) NOT NULL,
  `rfcUserCompany` varchar(45) NOT NULL,
  `expeditionDate` datetime DEFAULT NULL,
  PRIMARY KEY (`uuid`),
  KEY `fk_Invoice_UserCompany1_idx` (`rfcUserCompany`),
  KEY `fk_Invoice_Providers1_idx` (`rfcProvider`),
  CONSTRAINT `fk_Invoice_Providers1` FOREIGN KEY (`rfcProvider`) REFERENCES `Providers` (`rfcProvider`),
  CONSTRAINT `fk_Invoice_UserCompany1` FOREIGN KEY (`rfcUserCompany`) REFERENCES `UserCompany` (`rfcUserCompany`)
) ENGINE=InnoDB DEFAULT CHARSET=utf8mb3;
/*!40101 SET character_set_client = @saved_cs_client */;

--
-- Dumping data for table `Invoice`
--

LOCK TABLES `Invoice` WRITE;
/*!40000 ALTER TABLE `Invoice` DISABLE KEYS */;
INSERT INTO `Invoice` VALUES ('11452b0c-768e-5ff7-0d63-eeb1d8ed8cef','71802','31170','2022-09-15 09:02:27'),('1152da18-24d8-65b6-0380-e8e2a817c80e','46790','77059','2022-09-10 02:45:15'),('11f7089b-33e6-371a-f817-7000f455f3d5','46790','77059','2022-10-02 17:11:47'),('13fc3540-52b5-3489-1163-eeb1d8ed8cef','46790','77059','2022-09-29 22:52:30'),('142cb08f-7c31-21fa-8e90-67245e8b283e','46790','57474','2022-09-10 00:07:13'),('14c0ce35-1687-459c-1acb-66948daf6128','30199','57474','2022-09-21 17:03:02'),('17120d02-6ab5-3e43-18cb-66948daf6128','08272','77059','2022-10-16 18:33:18'),('179d5bc0-2405-67f7-9590-67245e8b283e','56857','77059','2022-09-10 00:09:14'),('1b336f56-7ee3-7ceb-1ccb-66948daf6128','30199','57474','2022-10-10 21:50:56'),('1c2187a3-6d94-2ded-21cb-66948daf6128','30199','57474','2022-09-10 00:00:10'),('1ded3dd7-32db-5bc9-9190-67245e8b283e','56857','57474','2022-09-10 00:01:23'),('1e5a953f-1c88-5769-addb-e5d54223c257','71802','57474','2022-10-16 05:39:34'),('1f22399e-14b4-5c2b-8132-6a1673ffca7c','71802','31170','2022-10-09 16:39:13'),('1f74cd3f-6de4-5324-0180-e8e2a817c80e','46790','31170','2022-10-16 18:43:27'),('1f8d7e46-1d1e-335f-79dd-867949feb8b5','46790','31170','2022-10-12 12:18:03'),('205a3e0a-13fe-3557-8232-6a1673ffca7c','46790','31170','2022-10-06 18:49:05'),('20d0b9f3-3e65-1639-9d7d-e8c757976496','56857','77059','2022-09-10 00:55:33'),('22032557-51a3-4005-1263-eeb1d8ed8cef','08272','57474','2022-09-22 08:43:52'),('24629593-3d34-32fd-997d-e8c757976496','08272','31170','2022-09-10 00:01:38'),('247986de-4165-651a-9490-67245e8b283e','56857','57474','2022-09-14 16:32:19'),('257ea484-501b-1644-7cdd-867949feb8b5','71802','77059','2022-10-14 05:45:49'),('25efaa0a-2220-4655-20cb-66948daf6128','08272','31170','2022-09-27 10:30:25'),('284ccb05-337b-7e6f-9090-67245e8b283e','56857','77059','2022-09-10 00:15:42'),('2b850d3d-6722-3f01-1bcb-66948daf6128','08272','57474','2022-10-02 22:20:55'),('2bbbd485-6df2-536a-7e32-6a1673ffca7c','56857','31170','2022-10-13 23:06:21'),('2bf413d3-7a2c-217a-78dd-867949feb8b5','30199','57474','2022-09-17 14:31:38'),('2dcedb9c-6c32-7d27-977d-e8c757976496','30199','31170','2022-10-12 19:51:38'),('2de001fe-529b-33ad-0280-e8e2a817c80e','46790','57474','2022-10-03 23:57:25'),('2fb0b105-7808-503a-76dd-867949feb8b5','46790','77059','2022-09-12 02:33:55'),('2ff059da-69a9-17a4-fc17-7000f455f3d5','46790','31170','2022-09-11 01:22:01'),('30c8ee28-58a3-22f2-5e92-08c864661f9c','30199','57474','2022-09-28 05:22:07'),('34cde64f-62e4-186c-77dd-867949feb8b5','56857','31170','2022-09-10 01:00:18'),('3590dd80-43d2-1325-8732-6a1673ffca7c','46790','31170','2022-10-09 22:19:39'),('3599ef50-13ed-5404-0e63-eeb1d8ed8cef','46790','57474','2022-09-10 00:01:28'),('38b1d642-47b7-7c97-6692-08c864661f9c','71802','57474','2022-09-15 14:41:16'),('3ab17eb8-4928-4275-8332-6a1673ffca7c','30199','31170','2022-09-14 12:54:21'),('3abc4ce5-462f-5db9-9e7d-e8c757976496','30199','77059','2022-09-10 00:01:15'),('3ef08d53-5bf3-1e97-9790-67245e8b283e','71802','77059','2022-09-10 00:00:36'),('3f66f2d6-688b-4161-5f92-08c864661f9c','56857','77059','2022-10-06 09:25:01'),('40036f5e-657f-2c3d-9f7d-e8c757976496','46790','31170','2022-09-24 07:25:41'),('404fe340-1fd3-414b-aadb-e5d54223c257','46790','77059','2022-09-16 09:45:25'),('4188bc78-6e7e-2c0a-7fdd-867949feb8b5','46790','57474','2022-09-10 00:00:51'),('4296b118-76aa-3241-7edd-867949feb8b5','30199','31170','2022-09-18 07:06:30'),('438fec4c-2dad-30d7-a07d-e8c757976496','46790','57474','2022-09-10 00:13:12'),('439cdac8-4380-1e2d-0f63-eeb1d8ed8cef','08272','77059','2022-09-10 00:04:31'),('4448a185-202a-56da-8632-6a1673ffca7c','71802','31170','2022-09-25 11:42:46'),('4577565a-7e3e-493a-74dd-867949feb8b5','56857','77059','2022-09-30 20:36:25'),('469b3ece-744a-45d5-957d-e8c757976496','46790','31170','2022-10-12 18:14:08'),('46f514e3-3598-177c-6192-08c864661f9c','08272','31170','2022-09-13 19:03:00'),('47405a55-5845-562c-7ddd-867949feb8b5','46790','57474','2022-09-16 13:47:07'),('4760d71f-6e2f-5b32-19cb-66948daf6128','71802','57474','2022-09-14 16:46:02'),('47f60f67-6087-2a86-abdb-e5d54223c257','30199','77059','2022-10-08 16:26:30'),('4c2386b1-57fb-15fa-1063-eeb1d8ed8cef','46790','57474','2022-10-01 20:10:35'),('4d79d901-1edc-5c5b-0780-e8e2a817c80e','46790','57474','2022-09-22 03:26:46'),('4d7b21db-2e02-12b7-a9db-e5d54223c257','56857','77059','2022-09-19 03:08:14'),('4e272fc4-7875-78d6-7d32-6a1673ffca7c','56857','31170','2022-09-25 17:50:25'),('4eceddac-7dc2-38ea-7bdd-867949feb8b5','71802','57474','2022-09-10 00:00:10'),('52f7159d-5242-1af8-9c7d-e8c757976496','08272','57474','2022-09-10 00:13:11'),('53f6b59c-6af6-4204-6292-08c864661f9c','56857','77059','2022-09-30 04:20:24'),('5608f456-3b97-2e05-5d92-08c864661f9c','30199','31170','2022-09-10 00:05:13'),('5660d465-6020-48f3-75dd-867949feb8b5','30199','31170','2022-09-14 16:19:39'),('56957607-562f-5d6d-1ecb-66948daf6128','56857','77059','2022-09-11 05:13:36'),('59d19422-6657-452e-a7db-e5d54223c257','56857','57474','2022-09-10 00:01:04'),('5ae2d70b-201d-3e23-7f32-6a1673ffca7c','71802','77059','2022-10-03 16:52:29'),('5b2fcdf5-2050-7cb2-8f90-67245e8b283e','30199','57474','2022-09-10 00:00:05'),('5badffd8-18c8-3f76-6492-08c864661f9c','71802','57474','2022-09-10 00:00:02'),('5c63ba8f-59bb-6d2f-9990-67245e8b283e','46790','57474','2022-10-05 02:32:11'),('5fbbda7e-7566-416f-9b7d-e8c757976496','71802','31170','2022-09-15 10:51:36'),('60084fec-3509-2779-8432-6a1673ffca7c','56857','31170','2022-10-13 06:19:55'),('6081dc00-4df0-5184-9690-67245e8b283e','30199','57474','2022-09-10 01:15:49'),('61a45b9e-55c1-3dbb-f917-7000f455f3d5','46790','77059','2022-09-10 00:02:22'),('6429b0f4-1391-7f32-9390-67245e8b283e','08272','77059','2022-09-13 06:47:09'),('645f2e5c-7670-66a0-6092-08c864661f9c','08272','31170','2022-09-29 05:13:47'),('6764ab86-6fcc-2757-8032-6a1673ffca7c','71802','57474','2022-09-27 10:58:52'),('67b5c284-1c59-4a0a-0580-e8e2a817c80e','46790','31170','2022-10-01 17:11:53'),('68478414-705a-2626-5c92-08c864661f9c','46790','77059','2022-09-10 00:00:01'),('6916f8cf-1279-16d8-9290-67245e8b283e','71802','77059','2022-09-30 23:40:36'),('698623e9-1def-6cb3-fa17-7000f455f3d5','56857','31170','2022-09-27 18:34:23'),('69cdb3c5-55bc-2a7a-9a7d-e8c757976496','71802','57474','2022-09-10 23:19:30'),('6a4d99cd-242a-6200-7add-867949feb8b5','08272','31170','2022-09-24 19:43:38'),('6c97b353-5d7d-4095-1dcb-66948daf6128','46790','77059','2022-09-30 13:51:20'),('6f2475a8-1ff5-13e7-0680-e8e2a817c80e','08272','77059','2022-09-22 05:09:57'),('70253ec7-2e38-67a9-b1db-e5d54223c257','46790','77059','2022-09-10 00:06:40'),('7050d79b-6948-3c66-1fcb-66948daf6128','46790','57474','2022-09-22 21:15:50'),('70af83de-413e-63ef-6592-08c864661f9c','46790','31170','2022-09-10 00:37:44'),('72ce912f-6015-2e14-fb17-7000f455f3d5','71802','57474','2022-09-18 11:02:38'),('7325f44f-127c-240c-afdb-e5d54223c257','08272','57474','2022-09-15 22:35:42'),('74017ba6-559b-3426-8532-6a1673ffca7c','08272','77059','2022-10-14 08:38:33'),('7623d42f-35f4-1ce5-987d-e8c757976496','30199','77059','2022-09-27 13:08:51'),('767111e6-3dbc-615a-0880-e8e2a817c80e','56857','57474','2022-10-10 13:16:34'),('7686595d-16d5-33b3-0080-e8e2a817c80e','30199','57474','2022-10-13 07:42:14'),('768f8e64-7d10-20c9-967d-e8c757976496','46790','57474','2022-09-21 01:04:24'),('771e3dd1-42bb-2339-acdb-e5d54223c257','71802','77059','2022-10-10 16:55:41'),('791b9e6b-6010-1e33-b0db-e5d54223c257','30199','31170','2022-09-10 00:09:39'),('79fa8253-391f-4864-b2db-e5d54223c257','71802','31170','2022-09-10 00:16:13'),('7abe18db-2b8a-5fcb-aedb-e5d54223c257','30199','57474','2022-09-27 00:10:00'),('7bec5682-21c4-666f-a8db-e5d54223c257','46790','31170','2022-09-18 09:45:18'),('7e4a64ed-3925-5bb5-6392-08c864661f9c','08272','31170','2022-09-10 00:00:38'),('7e8f50b2-5100-74d8-0480-e8e2a817c80e','71802','57474','2022-09-19 04:48:54'),('7f4552ee-20f2-2f82-9890-67245e8b283e','56857','77059','2022-09-21 16:02:37');
/*!40000 ALTER TABLE `Invoice` ENABLE KEYS */;
UNLOCK TABLES;

--
-- Table structure for table `Product`
--

DROP TABLE IF EXISTS `Product`;
/*!40101 SET @saved_cs_client     = @@character_set_client */;
/*!50503 SET character_set_client = utf8mb4 */;
CREATE TABLE `Product` (
  `Invoice_uuid` varchar(45) NOT NULL,
  `productKey` int NOT NULL,
  `unitaryValueProduct` float DEFAULT NULL,
  KEY `fk_Product_Invoice1_idx` (`Invoice_uuid`),
  CONSTRAINT `fk_Product_Invoice1` FOREIGN KEY (`Invoice_uuid`) REFERENCES `Invoice` (`uuid`)
) ENGINE=InnoDB DEFAULT CHARSET=utf8mb3;
/*!40101 SET character_set_client = @saved_cs_client */;

--
-- Dumping data for table `Product`
--

LOCK TABLES `Product` WRITE;
/*!40000 ALTER TABLE `Product` DISABLE KEYS */;
INSERT INTO `Product` VALUES ('74017ba6-559b-3426-8532-6a1673ffca7c',21101501,637),('7e8f50b2-5100-74d8-0480-e8e2a817c80e',21101501,73),('404fe340-1fd3-414b-aadb-e5d54223c257',31241502,324),('6f2475a8-1ff5-13e7-0680-e8e2a817c80e',31241602,648),('34cde64f-62e4-186c-77dd-867949feb8b5',31241814,768),('68478414-705a-2626-5c92-08c864661f9c',40151527,787),('6c97b353-5d7d-4095-1dcb-66948daf6128',31241502,210),('47405a55-5845-562c-7ddd-867949feb8b5',21101501,223),('5b2fcdf5-2050-7cb2-8f90-67245e8b283e',21101501,238),('1ded3dd7-32db-5bc9-9190-67245e8b283e',40161517,365),('7686595d-16d5-33b3-0080-e8e2a817c80e',40151534,43),('17120d02-6ab5-3e43-18cb-66948daf6128',40161505,302),('22032557-51a3-4005-1263-eeb1d8ed8cef',40161605,76),('7f4552ee-20f2-2f82-9890-67245e8b283e',40161517,523),('3abc4ce5-462f-5db9-9e7d-e8c757976496',50304915,608),('14c0ce35-1687-459c-1acb-66948daf6128',50304914,342),('6764ab86-6fcc-2757-8032-6a1673ffca7c',50305034,240),('5c63ba8f-59bb-6d2f-9990-67245e8b283e',31241602,736),('4448a185-202a-56da-8632-6a1673ffca7c',50304915,677),('1f74cd3f-6de4-5324-0180-e8e2a817c80e',31241814,495),('3599ef50-13ed-5404-0e63-eeb1d8ed8cef',50305306,149),('469b3ece-744a-45d5-957d-e8c757976496',50305336,381),('2bf413d3-7a2c-217a-78dd-867949feb8b5',50304918,346),('4296b118-76aa-3241-7edd-867949feb8b5',50305428,367),('438fec4c-2dad-30d7-a07d-e8c757976496',50305423,340),('56957607-562f-5d6d-1ecb-66948daf6128',50305428,130),('3590dd80-43d2-1325-8732-6a1673ffca7c',50304914,701),('4577565a-7e3e-493a-74dd-867949feb8b5',50305306,692),('1b336f56-7ee3-7ceb-1ccb-66948daf6128',50306500,761),('53f6b59c-6af6-4204-6292-08c864661f9c',50306205,475),('7bec5682-21c4-666f-a8db-e5d54223c257',31241814,341),('2bbbd485-6df2-536a-7e32-6a1673ffca7c',50306903,662),('4448a185-202a-56da-8632-6a1673ffca7c',50305034,722),('7050d79b-6948-3c66-1fcb-66948daf6128',40151527,732),('25efaa0a-2220-4655-20cb-66948daf6128',50306500,47),('3ab17eb8-4928-4275-8332-6a1673ffca7c',50306205,83),('47405a55-5845-562c-7ddd-867949feb8b5',50306205,680),('1c2187a3-6d94-2ded-21cb-66948daf6128',40161605,155),('247986de-4165-651a-9490-67245e8b283e',50311534,199),('768f8e64-7d10-20c9-967d-e8c757976496',50305802,240),('284ccb05-337b-7e6f-9090-67245e8b283e',50305336,706),('7f4552ee-20f2-2f82-9890-67245e8b283e',50305423,153),('13fc3540-52b5-3489-1163-eeb1d8ed8cef',50305428,145),('79fa8253-391f-4864-b2db-e5d54223c257',50305423,124),('20d0b9f3-3e65-1639-9d7d-e8c757976496',40151527,460),('6429b0f4-1391-7f32-9390-67245e8b283e',40161517,280),('6a4d99cd-242a-6200-7add-867949feb8b5',40161605,68),('3590dd80-43d2-1325-8732-6a1673ffca7c',31241814,596),('2dcedb9c-6c32-7d27-977d-e8c757976496',31241814,756),('7e4a64ed-3925-5bb5-6392-08c864661f9c',50305511,540),('7f4552ee-20f2-2f82-9890-67245e8b283e',50305511,148),('7abe18db-2b8a-5fcb-aedb-e5d54223c257',50305336,73),('7050d79b-6948-3c66-1fcb-66948daf6128',50306003,38),('5608f456-3b97-2e05-5d92-08c864661f9c',50307024,359),('7f4552ee-20f2-2f82-9890-67245e8b283e',40151534,168),('20d0b9f3-3e65-1639-9d7d-e8c757976496',50307201,212),('1e5a953f-1c88-5769-addb-e5d54223c257',40161505,677),('404fe340-1fd3-414b-aadb-e5d54223c257',50305423,340),('771e3dd1-42bb-2339-acdb-e5d54223c257',31241814,485),('4c2386b1-57fb-15fa-1063-eeb1d8ed8cef',40151527,520),('11452b0c-768e-5ff7-0d63-eeb1d8ed8cef',50307224,216),('1c2187a3-6d94-2ded-21cb-66948daf6128',21101501,162),('56957607-562f-5d6d-1ecb-66948daf6128',50306903,732),('69cdb3c5-55bc-2a7a-9a7d-e8c757976496',50311517,428),('70253ec7-2e38-67a9-b1db-e5d54223c257',50311556,253),('791b9e6b-6010-1e33-b0db-e5d54223c257',50306903,405),('79fa8253-391f-4864-b2db-e5d54223c257',31241502,769),('3abc4ce5-462f-5db9-9e7d-e8c757976496',50305423,203),('11f7089b-33e6-371a-f817-7000f455f3d5',50311534,161),('4448a185-202a-56da-8632-6a1673ffca7c',31241502,305),('2b850d3d-6722-3f01-1bcb-66948daf6128',50305336,444),('61a45b9e-55c1-3dbb-f917-7000f455f3d5',50311534,125),('4760d71f-6e2f-5b32-19cb-66948daf6128',50305034,636),('1c2187a3-6d94-2ded-21cb-66948daf6128',50311517,107),('7325f44f-127c-240c-afdb-e5d54223c257',31241502,547),('74017ba6-559b-3426-8532-6a1673ffca7c',50306903,177),('205a3e0a-13fe-3557-8232-6a1673ffca7c',31241814,312),('2dcedb9c-6c32-7d27-977d-e8c757976496',50305306,438),('6a4d99cd-242a-6200-7add-867949feb8b5',50306205,400),('645f2e5c-7670-66a0-6092-08c864661f9c',50311556,66),('645f2e5c-7670-66a0-6092-08c864661f9c',50304915,636),('6764ab86-6fcc-2757-8032-6a1673ffca7c',40161517,465),('791b9e6b-6010-1e33-b0db-e5d54223c257',40161517,65),('2dcedb9c-6c32-7d27-977d-e8c757976496',50311561,428),('47f60f67-6087-2a86-abdb-e5d54223c257',50305034,153),('25efaa0a-2220-4655-20cb-66948daf6128',31241602,514),('7623d42f-35f4-1ce5-987d-e8c757976496',50305336,702),('69cdb3c5-55bc-2a7a-9a7d-e8c757976496',50306003,470),('1b336f56-7ee3-7ceb-1ccb-66948daf6128',31241602,219),('5ae2d70b-201d-3e23-7f32-6a1673ffca7c',40161505,196),('14c0ce35-1687-459c-1acb-66948daf6128',50305846,210),('7325f44f-127c-240c-afdb-e5d54223c257',50304914,358),('6429b0f4-1391-7f32-9390-67245e8b283e',40161505,272),('79fa8253-391f-4864-b2db-e5d54223c257',21101501,611),('2dcedb9c-6c32-7d27-977d-e8c757976496',50305802,685),('22032557-51a3-4005-1263-eeb1d8ed8cef',50304915,109),('7e4a64ed-3925-5bb5-6392-08c864661f9c',50305428,136),('7623d42f-35f4-1ce5-987d-e8c757976496',50304918,389),('3590dd80-43d2-1325-8732-6a1673ffca7c',31241502,54),('34cde64f-62e4-186c-77dd-867949feb8b5',40151534,80),('1f22399e-14b4-5c2b-8132-6a1673ffca7c',31241502,54),('1f8d7e46-1d1e-335f-79dd-867949feb8b5',31241502,54),('1f8d7e46-1d1e-335f-79dd-867949feb8b5',31241502,54),('1f8d7e46-1d1e-335f-79dd-867949feb8b5',31241502,54),('205a3e0a-13fe-3557-8232-6a1673ffca7c',31241502,54),('11452b0c-768e-5ff7-0d63-eeb1d8ed8cef',31241502,54),('1f22399e-14b4-5c2b-8132-6a1673ffca7c',31241502,54),('1f74cd3f-6de4-5324-0180-e8e2a817c80e',31241502,54),('1f8d7e46-1d1e-335f-79dd-867949feb8b5',31241502,54),('205a3e0a-13fe-3557-8232-6a1673ffca7c',31241502,54),('24629593-3d34-32fd-997d-e8c757976496',31241502,54),('25efaa0a-2220-4655-20cb-66948daf6128',31241502,54),('2bbbd485-6df2-536a-7e32-6a1673ffca7c',31241502,54),('2dcedb9c-6c32-7d27-977d-e8c757976496',31241502,54),('2ff059da-69a9-17a4-fc17-7000f455f3d5',31241502,54),('34cde64f-62e4-186c-77dd-867949feb8b5',31241502,54),('3590dd80-43d2-1325-8732-6a1673ffca7c',31241502,54),('3ab17eb8-4928-4275-8332-6a1673ffca7c',31241502,54),('40036f5e-657f-2c3d-9f7d-e8c757976496',31241502,54),('4296b118-76aa-3241-7edd-867949feb8b5',31241502,54),('4448a185-202a-56da-8632-6a1673ffca7c',31241502,54),('469b3ece-744a-45d5-957d-e8c757976496',31241502,54),('46f514e3-3598-177c-6192-08c864661f9c',31241502,54),('4e272fc4-7875-78d6-7d32-6a1673ffca7c',31241502,54),('5608f456-3b97-2e05-5d92-08c864661f9c',31241502,54),('5660d465-6020-48f3-75dd-867949feb8b5',31241502,54),('5fbbda7e-7566-416f-9b7d-e8c757976496',31241502,54),('60084fec-3509-2779-8432-6a1673ffca7c',31241502,54),('645f2e5c-7670-66a0-6092-08c864661f9c',31241502,54),('67b5c284-1c59-4a0a-0580-e8e2a817c80e',31241502,54),('698623e9-1def-6cb3-fa17-7000f455f3d5',31241502,54),('6a4d99cd-242a-6200-7add-867949feb8b5',31241502,54),('70af83de-413e-63ef-6592-08c864661f9c',31241502,54),('791b9e6b-6010-1e33-b0db-e5d54223c257',31241502,54),('79fa8253-391f-4864-b2db-e5d54223c257',31241502,54),('7bec5682-21c4-666f-a8db-e5d54223c257',31241502,54),('7e4a64ed-3925-5bb5-6392-08c864661f9c',31241502,54),('142cb08f-7c31-21fa-8e90-67245e8b283e',31241502,54),('14c0ce35-1687-459c-1acb-66948daf6128',31241502,54),('1b336f56-7ee3-7ceb-1ccb-66948daf6128',31241502,54),('1c2187a3-6d94-2ded-21cb-66948daf6128',31241502,54),('1ded3dd7-32db-5bc9-9190-67245e8b283e',31241502,54),('1e5a953f-1c88-5769-addb-e5d54223c257',31241502,54),('22032557-51a3-4005-1263-eeb1d8ed8cef',31241502,54),('247986de-4165-651a-9490-67245e8b283e',31241502,54),('2b850d3d-6722-3f01-1bcb-66948daf6128',31241502,54),('2bf413d3-7a2c-217a-78dd-867949feb8b5',31241502,54),('2de001fe-529b-33ad-0280-e8e2a817c80e',31241502,54),('30c8ee28-58a3-22f2-5e92-08c864661f9c',31241502,54),('3599ef50-13ed-5404-0e63-eeb1d8ed8cef',31241502,54),('38b1d642-47b7-7c97-6692-08c864661f9c',31241502,54),('4188bc78-6e7e-2c0a-7fdd-867949feb8b5',31241502,54),('438fec4c-2dad-30d7-a07d-e8c757976496',31241502,54),('47405a55-5845-562c-7ddd-867949feb8b5',31241502,54),('4760d71f-6e2f-5b32-19cb-66948daf6128',31241502,54),('4c2386b1-57fb-15fa-1063-eeb1d8ed8cef',31241502,54),('4d79d901-1edc-5c5b-0780-e8e2a817c80e',31241502,54),('4eceddac-7dc2-38ea-7bdd-867949feb8b5',31241502,54),('52f7159d-5242-1af8-9c7d-e8c757976496',31241502,54),('59d19422-6657-452e-a7db-e5d54223c257',31241502,54),('5b2fcdf5-2050-7cb2-8f90-67245e8b283e',31241502,54),('5badffd8-18c8-3f76-6492-08c864661f9c',31241502,54),('5c63ba8f-59bb-6d2f-9990-67245e8b283e',31241502,54),('6081dc00-4df0-5184-9690-67245e8b283e',31241502,54),('6764ab86-6fcc-2757-8032-6a1673ffca7c',31241502,54),('69cdb3c5-55bc-2a7a-9a7d-e8c757976496',31241502,54),('7050d79b-6948-3c66-1fcb-66948daf6128',31241502,54),('72ce912f-6015-2e14-fb17-7000f455f3d5',31241502,54),('7325f44f-127c-240c-afdb-e5d54223c257',31241502,54),('767111e6-3dbc-615a-0880-e8e2a817c80e',31241502,54),('7686595d-16d5-33b3-0080-e8e2a817c80e',31241502,54),('768f8e64-7d10-20c9-967d-e8c757976496',31241502,54),('7abe18db-2b8a-5fcb-aedb-e5d54223c257',31241502,54),('7e8f50b2-5100-74d8-0480-e8e2a817c80e',31241502,54),('1152da18-24d8-65b6-0380-e8e2a817c80e',31241502,54),('11f7089b-33e6-371a-f817-7000f455f3d5',31241502,54),('13fc3540-52b5-3489-1163-eeb1d8ed8cef',31241502,54),('17120d02-6ab5-3e43-18cb-66948daf6128',31241502,54),('179d5bc0-2405-67f7-9590-67245e8b283e',31241502,54),('20d0b9f3-3e65-1639-9d7d-e8c757976496',31241502,54),('257ea484-501b-1644-7cdd-867949feb8b5',31241502,54),('284ccb05-337b-7e6f-9090-67245e8b283e',31241502,54),('2fb0b105-7808-503a-76dd-867949feb8b5',31241502,54),('3abc4ce5-462f-5db9-9e7d-e8c757976496',31241502,54),('3ef08d53-5bf3-1e97-9790-67245e8b283e',31241502,54),('3f66f2d6-688b-4161-5f92-08c864661f9c',31241502,54),('404fe340-1fd3-414b-aadb-e5d54223c257',31241502,54),('439cdac8-4380-1e2d-0f63-eeb1d8ed8cef',31241502,54),('4577565a-7e3e-493a-74dd-867949feb8b5',31241502,54),('47f60f67-6087-2a86-abdb-e5d54223c257',31241502,54),('4d7b21db-2e02-12b7-a9db-e5d54223c257',31241502,54),('53f6b59c-6af6-4204-6292-08c864661f9c',31241502,54),('56957607-562f-5d6d-1ecb-66948daf6128',31241502,54),('5ae2d70b-201d-3e23-7f32-6a1673ffca7c',31241502,54),('61a45b9e-55c1-3dbb-f917-7000f455f3d5',31241502,54),('6429b0f4-1391-7f32-9390-67245e8b283e',31241502,54),('68478414-705a-2626-5c92-08c864661f9c',31241502,54),('6916f8cf-1279-16d8-9290-67245e8b283e',31241502,54),('6c97b353-5d7d-4095-1dcb-66948daf6128',31241502,54),('6f2475a8-1ff5-13e7-0680-e8e2a817c80e',31241502,54),('70253ec7-2e38-67a9-b1db-e5d54223c257',31241502,54),('74017ba6-559b-3426-8532-6a1673ffca7c',31241502,54),('7623d42f-35f4-1ce5-987d-e8c757976496',31241502,54),('771e3dd1-42bb-2339-acdb-e5d54223c257',31241502,54),('7f4552ee-20f2-2f82-9890-67245e8b283e',31241502,54);
/*!40000 ALTER TABLE `Product` ENABLE KEYS */;
UNLOCK TABLES;

--
-- Table structure for table `Providers`
--

DROP TABLE IF EXISTS `Providers`;
/*!40101 SET @saved_cs_client     = @@character_set_client */;
/*!50503 SET character_set_client = utf8mb4 */;
CREATE TABLE `Providers` (
  `rfcProvider` varchar(45) NOT NULL,
  `nameProvider` varchar(45) DEFAULT NULL,
  PRIMARY KEY (`rfcProvider`)
) ENGINE=InnoDB DEFAULT CHARSET=utf8mb3;
/*!40101 SET character_set_client = @saved_cs_client */;

--
-- Dumping data for table `Providers`
--

LOCK TABLES `Providers` WRITE;
/*!40000 ALTER TABLE `Providers` DISABLE KEYS */;
INSERT INTO `Providers` VALUES ('08272','Pharmaceuticals & Biotechnology'),('30199','Industrial Engineering'),('46790','Nonlife Insurance'),('56857','Household Goods & Home Construction'),('71802','Life Insurance');
/*!40000 ALTER TABLE `Providers` ENABLE KEYS */;
UNLOCK TABLES;

--
-- Table structure for table `UserCompany`
--

DROP TABLE IF EXISTS `UserCompany`;
/*!40101 SET @saved_cs_client     = @@character_set_client */;
/*!50503 SET character_set_client = utf8mb4 */;
CREATE TABLE `UserCompany` (
  `rfcUserCompany` varchar(45) NOT NULL,
  `nameCompany` varchar(45) DEFAULT NULL,
  PRIMARY KEY (`rfcUserCompany`)
) ENGINE=InnoDB DEFAULT CHARSET=utf8mb3;
/*!40101 SET character_set_client = @saved_cs_client */;

--
-- Dumping data for table `UserCompany`
--

LOCK TABLES `UserCompany` WRITE;
/*!40000 ALTER TABLE `UserCompany` DISABLE KEYS */;
INSERT INTO `UserCompany` VALUES ('31170','Future Space Explore Co.'),('57474','North Protection Corp.'),('77059','Global Mobile Group');
/*!40000 ALTER TABLE `UserCompany` ENABLE KEYS */;
UNLOCK TABLES;
/*!40103 SET TIME_ZONE=@OLD_TIME_ZONE */;

/*!40101 SET SQL_MODE=@OLD_SQL_MODE */;
/*!40014 SET FOREIGN_KEY_CHECKS=@OLD_FOREIGN_KEY_CHECKS */;
/*!40014 SET UNIQUE_CHECKS=@OLD_UNIQUE_CHECKS */;
/*!40101 SET CHARACTER_SET_CLIENT=@OLD_CHARACTER_SET_CLIENT */;
/*!40101 SET CHARACTER_SET_RESULTS=@OLD_CHARACTER_SET_RESULTS */;
/*!40101 SET COLLATION_CONNECTION=@OLD_COLLATION_CONNECTION */;
/*!40111 SET SQL_NOTES=@OLD_SQL_NOTES */;

-- Dump completed on 2022-10-16 16:08:04
